;Total records : 226;;;;
;;;;;
;Request ID;Subject;Description;Request Status;
;24;Fehle im IT-Verteiler;"Hallo zusammen,ich bin dank meinem AD Kürzel ""SC-I-SE"" nicht im SC-I Mailverteiler drin.Bitte einmal ändern, damit ich in Zukunft auch Rundmails bekomme.Vielen Dank!";Quittiert | Completed;
;26;Telefonzentrale Pforte PC Austauschen;Der PC an der Zentrale muss aktualisiert bzw. ausgetauscht werden.;Quittiert | Completed;
;28;Server für Werkzeug Plattenautomat;Für die Plattenautomaten sollte ein SQL Server mit Datenbank angelegt werden. Denn gibt es ein Problem mit den PCs sind die Daten weg!;Quittiert | Completed;
;40;Ausfall der Telefone in der Ausbildungwerkstatt;Not Assigned;Quittiert | Completed;
;77;WG: Excel uind Open Office ‑ SC‑P Dateiübertragung;Open Office in SC-P noch benötigt?;Quittiert | Completed;
;104;Anzeigeprobleme mit EDGE;Im Edge Browser gibt es bei mir fehlerhafte Anzeigen.;Quittiert | Completed;
;107;Monitor wird nicht mehr angezeigt;Nach einem vmtl Update wird an einem weiterem Monitor nichts mehr angezeigt. Der Monitor dient als Erkennung von Störung des Anlagenleitsystem LC A6 und hängt im Großraum Büro. Bis dato funktionierte die Anzeige über die Dockingstation des genutzten Notebook.In der Einstellung wird der Monitor nicht mehr richtig angezeigt.;Quittiert | Completed;
;134;Druckkopf defekt;"Bei meinem Brother DIN A3 Tintenstrahldrucker ist der Druckkopf defekt. Ein neuer Drucker wurde mit KOG 41199 im Dezember 2023 genehmigt. Bis jetzt wurde der Drucker noch nicht gewechselt. Bei Nachfragen wurde als Termin ""Zeitnah"" genannt.";Quittiert | Completed;
;144;Entra Account anlegen;Account anlegen für Management in Entra;Quittiert | Completed;
;162;Test Ticket;Test;Quittiert | Completed;
;239;Aktivierung Office (Ecel, Word, Outlook);Alle Office Programme benötigen eine aktivierung;Quittiert | Completed;
;295;Tippfehler in MSOffice;"Was könnte genau verbessert werden?Tippfehler in Kategorie 2 ""MSOfiice"" --> ""MSOffice"" ist korrekt";Quittiert | Completed;
;383;MII Ausfallhistorie;Die Ausfallhistorie Ansicht sowie Korrektur ist aktuell auf 2 Tage begrenzt.Es wird ein längerer Zeitraum gewünscht.;Quittiert | Completed;
;384;MII Korrekturen;Bei der falschen Eingabe von Datum oder Schicht muss jeder Eintrag einzeln storniert und neu gebucht werden.Es wird eine Massenänderung für z.B. Datum und Schicht gewünscht.;Quittiert | Completed;
;386;MII HU bei Mindermenge älter 5 Tage;"Eine angefangene Palette mit Mindermenge kann weiter befüllt werden, aber ein Abschluss
der HU ist nicht möglich wenn die HU älter wie 5 Tage ist.Grund ist sehr wahrscheinlich das die Mindermenge bei Abschluss der HU storniert wird und der Storno nach mehr wie 5 Tagen nichtz mehr möglich ist.Der Fehler wird dem MA erst nach Abschuss angezeigt.";Quittiert | Completed;
;406;SAP Auftrag Langtext;Bearbeiten von Langtexten in SAP Aufträgen oder Arbeitsplänen nicht möglich;Quittiert | Completed;
;525;Teams Sitzungsbeitritt und Audioprobleme;Probleme beim täglichem Teams-Call. Zudem wird das Headset nicht erkannt. Momentan nur über das Handy möglichFWDE60441;Quittiert | Completed;
;621;Solcon Terminals mit Win10 LTSC einrichten;Es wurden vor einiger Zeit von SC-E Solcon Terminals gekauft, die mit unserem Image nicht mehr funktionieren.Diese müssen mit dem Win10LTSC neu eingerichtet und getestet werden.;Quittiert | Completed;
;650;Office Lizenz inaktiv;Anmeldung funktioniert, bei erneuter Ausführung soll man sich jedoch wieder anmelden.;Quittiert | Completed;
;799;Freigabe Transaktion HUMO;Not Assigned;Quittiert | Completed;
;896;Probenstorno nach HU-Umlagerung;Wurde eine HU mit Bezug zu Kundeneinzelbestand umgelagert, dann zurück an den RM-Lagerort umgelagert, kann trotzdem nicht storniert werden.Die Fehlermeldung lautet noch auf den nicht mehr aktuellen Lagerort.Vermutlich ein Problem im Baustein?;Quittiert | Completed;
;947;Bilder in Lösungen;Ich habe bei dem Ticket #921 dem User geantwortet und wollte das Ticket auf gelöst setzten.Als Lösung hab ich einfach den Antworttext samt Bilder kopiert.Jedoch werden diese nicht mehr angezeigt.;Quittiert | Completed;
;1053;Diverse MS-Office Programme stürzen ab.;Bei Verwendung bestimmter MS-Office Funktionen stürzt das jeweilige Programm einfach ab und startet neu. Ein Arbeiten ist so umöglich.- e-mails im Outlook kann ich lesen und schreiben, sobald ich aber auf die Termine zugreifen will, stürzt das Programm ab.- Excel startet, sobald ich aber Daten auswerten will, stürzt das Programm ab.;Quittiert | Completed;
;1070;Business Workplace fehlt;Mir fehlt im SAP der Business Workplace. Somit kann ich für meine Kostenstelle keine BANFen freigeben.;Quittiert | Completed;
;1158;neuer Drucker druckt nicht;Neuer Drucker druckt nicht.;Quittiert | Completed;
;1166;Umrechnungsmethode Anlagengitter;Im Anlagengitter wird bei der Umrechnung von Dollar zu EUR ein veralteter Wechselkurs genutzt. Bitte den Wechselkurs vom 31.12.2024 einstellen.;Quittiert | Completed;
;1204;Neuer PC  mit HDMI zum geplantem Wand-Monitor;Für den neuen Besprechungsraum im Bereich Büro Band5 wird ein PC mit Netzanbindung und HDMI Leitung zum geplanten Monitor benötigt.* PC mit Funk - Tastatur und Maus.* HDMI Verbindungsleitung ca. 20 Meter;Quittiert | Completed;
;1351;MS Project Lizenz;Bei der Umstellung auf Windows 11 ist meine MS Project offensichtlich deaktiviert worden. Ich bitte darum, diese wieder zu installieren, wird dringend benötigt.;Quittiert | Completed;
;1426;Teams Fehlermeldung;Teams verbindet sich nicht mehr und fordert zum Neustart auf. Nach dem Neustart folgt das selbe Prozedere.Arbeiten über Web-App möglich.;Quittiert | Completed;
;1499;Teams benötigt ein Updatet;Not Assigned;Quittiert | Completed;
;1659;"In need of access to ""display material'";"Good morning,I am in need of access to ""Display Material"" to look up parts in our tool room and their locations.";Quittiert | Completed;
;1781;neuer Lagerort 1512 in Werk 1150;Neuen Lagerort im Werk 1150 (TZ-A) anlegen:neu: 1512Vorlage 1502!!!;Quittiert | Completed;
;1819;Drucker funktioniert  nicht;Keine Rückmeldung vom Drucker, auch nach mehrmaligem trennen der Strom- und Netzwerkverbindung.Drucken nicht möglich. Drucker reagiert nicht.;Quittiert | Completed;
;2013;Gruppenzuteilung;"Ich stoße im Alltag immer wieder an die Grenzen, weil ich mich nicht selbst als Techniker auswählen kann, da ich Überschneidungen habe mit anderen Gruppen.Daher wäre es gut, wenn ich zumindest mal in die ""Netzwerk & Serverinfrastruktur"" aufgenommen werden könnte, damit ich Tickets zur Telefonanlage korrekt zuweisen kann.";Quittiert | Completed;
;2014;Modus Auswahl;"Mir fehlt immer wieder im Alltag wenn ich ein Ticket schließen will eien Auswahl im Feld ""Modus"".Zum Beispiel wenn ich ein Ticket selbst einstelle, weil die Telefonanlage ein Problem hatte. Wenn ich das abschließe, werde ich gezwungen einen Modus anzugeben.Aber das habe ich dann weder per Teams Chat, Hotline oder per Mail bekommen sondern habe es einfach selbst angelegt. Vielleicht könnte man dafür einen weiteren Modus anlegen?""Sonstige"" oder ""Selbstanforderung"" wen...";Quittiert | Completed;
;2103;Drucker;Bei dem Drucker kommt das Papier raus was man gedruckt hat und immer dabei noch ein Leerblatt.Bitte so Einstellen das nur das was man Druckt heraus kommt.Danke und Grüße;Quittiert | Completed;
;2397;USB-Stick;1. USB-Stick wird nicht erkannt.Dringend benötigt um umweltrelevante Daten zu sichern.2. Kartenlesegeräte wird nicht erkannt. Thermobilder können nicht gesichert werden Auflage von RP;Quittiert | Completed;
;2424;Sap Work Order Creation;I need to be able to create a work order in SAP;Quittiert | Completed;
;2433;Nach Druckertausch werden nur Symbole gedruckt;Nach Druckertausch, ist es nicht möglich zu drucken.Es werden pro Blatt eine Zeile mit Symbolen ausgedruckt.Bei einem 10-seitigen Dokument wurden heute Morgen z.B. ca. 200 Seiten mit Symbolen gedruckt.;Quittiert | Completed;
;2468;Teamsupdate IGEL;Bitte Teams updaten. Optionale Lösung im Browser funktioniert auch nicht, weil das Headset nicht erkannt wird.;Quittiert | Completed;
;2997;SAP-PM User;Bitte User und Personalstamm anlegen, LSMW ist angehängt.;Quittiert | Completed;
;3023;SAP Performence;Erstellen von Abfragen / Auswertungen (Listen usw. ) dauert sehr lang -Beim Buchen dauert die Verbuchung auch länger wie gewohnt;Quittiert | Completed;
;3031;Badge Printer;I'm getting this error message whenever I print badges. It's been doing it for the last 10+ badges. They still print, but there is a color distortion.;Quittiert | Completed;
;3093;[Wartung] RZ1 Brandmeldeanlage;Die Inspektion einer Brandmeldeanlage ist vierteljährlich durchzuführen.Dies ist gemäß DIN 14675 und DIN VDE 0833 vorgeschrieben.Bei der vierteljährlichen Inspektion werden die Komponenten der Anlage auf Verschmutzung und Beschädigung überprüft.Zudem wird geprüft, ob bauliche Veränderungen oder Änderungen in der Umgebung die Brandschutzkonzeption beeinträchtigen.Wesentliche Punkte der vierteljährlichen Inspektion:Sichtprüfung:Überprüfung der Komponenten auf Verschmu...;Quittiert | Completed;
;3152;Reaktivierung SAP User;Not Assigned;Quittiert | Completed;
;3228;Transaktion benötigt;Not Assigned;Quittiert | Completed;
;3307;Austausch von vorhandenen Monitoren;"Im Zuge der Umgestaltung des Arbeitsplatzes sollen 5 alte, kleine Monitore gegen 3 27"" Monitore und 2 24"" Monitore getauscht werden";Quittiert | Completed;
;3365;T8308;Our label printer is not working again. This is an urgent matter as we cannot send the trucks out without labels.;Quittiert | Completed;
;3379;Satisfy First response SLA script addition;"Es soll ein Skript implementiert und und diesem Ticket getestet werden, welches die First response SLA bedient, sobald das Ticket in den Status ""Lösungsvorschlag"", ""Quittiert"", ""Zurückgewiesen"", oder ""abgebrochen"" geht.Dies soll verhindern, dass es zu false-positive Meldungen bei den SLAs kommt.Hierzu wird eine Custom Function durch ManageEngine bereitgestellt, sowie ein Custom Trigger konfiguriert.";Quittiert | Completed;
;3531;Anlegen neuen Lagerort 1696;Neuanlage Lagerort Werk 0500Lagerort 1696Bezeichnung: Systemlagerort Baugruppen;Quittiert | Completed;
;3726;[Wartung] RZ1 Brandmeldeanlage;Die Inspektion einer Brandmeldeanlage ist vierteljährlich durchzuführen.Dies ist gemäß DIN 14675 und DIN VDE 0833 vorgeschrieben.Bei der vierteljährlichen Inspektion werden die Komponenten der Anlage auf Verschmutzung und Beschädigung überprüft.Zudem wird geprüft, ob bauliche Veränderungen oder Änderungen in der Umgebung die Brandschutzkonzeption beeinträchtigen.Wesentliche Punkte der vierteljährlichen Inspektion:Sichtprüfung:Überprüfung der Komponenten auf Verschmu...;Quittiert | Completed;
;3737;Headset;Mir wurde mit meiner Erstausstattung Feb. 2024 kein Headset ausgegeben. Ich habe mir dann selbst eines gekauft, aber der Akku hält leider nicht mehr lange. Bitte um ein FW-Headset. Danke.;Quittiert | Completed;
;3754;Printer not printing;Our printer will not print because it only wants to default to the multi-purpose tray on the side. We do not need to use that until we need labels.;Quittiert | Completed;
;3835;PSP Freigabe nicht möglich;Not Assigned;Quittiert | Completed;
;4007;Druckjob hängt in der Warteschlange;"Der Druckjob hängt in der Warteschlange fest, lässt sich nicht starten bzw. löschen und blockiert andere Druckjobs...Druckerstatus ""Offline""";Quittiert | Completed;
;4013;Neuen Nutzer anlegen;Bitte neuen SAP Account anlegen.;Quittiert | Completed;
;4105;Datenverlust SAP trotz korrekter Speicherung;Am Ende einer jeden Schicht kommt es zum Datenverlust im SAP trotz richtigem Speichervorgang. Bei der nächsten Anmeldung sind die Daten weg und die Teile aus der Mindermengenkiste müssen erneut eingescannt und umgepackt werden. Bitte schnellstmöglich beheben, da wir durch das Kisten umpacken einen ständigen Zeitverlust haben.;Quittiert | Completed;
;4180;Monitor;um das arbeiten am PC effektiver zu gestallten .;Quittiert | Completed;
;4244;Transaktionsfreigabe einrichten;Not Assigned;Quittiert | Completed;
;4310;Extremes Ruckeln des PCs;"Habe seit längerem öfters das Problem das der PC extrem ""Stottert"" wenn ich die Maus bewege oder die Tastatur benutze.Das macht das Arbeiten für einige Zeit fasst unmöglich, da die Maus/Tastatur dann nur sporadisch funktioniert.Habe die Batterie der Maus /Tastatur schon getauscht (Funk), keine Verbesserung.Fehler tritt immer öfter auf. Aber nicht dauerhaft.";Quittiert | Completed;
;4359;Bild schwarz;Das Terminal flackert und zeigt nur noch einen schwarzen Bildschirm;Quittiert | Completed;
;4458;Drucker sehr verlangsamt;Beim Drucken sehr lange Ladezeit/Wartezeit, hin und wieder mal muss ich die Seite neu startet.Bitte um Hilfe. Ich bedanke mich schon mal im voraus.​;Quittiert | Completed;
;4485;Netzwerkdrucker;Austausch Brother Drucker gegen einen Netzwerkdrucker Farbe mit Drucken, Scannen & Kopierfunktion.Als Anlagentechniker benötige ich einen solchen Netzwerkdrucker zur erledigung meiner täglichen Aufgaben;Quittiert | Completed;
;4738;Drucker Formerei 1;Guten Tag,der Drucker im Teamleiterbüro in der Formerei 1 funktioniert nicht, könnte einer von euch mal bitte dort Vorbei gehen und sich dem Problem annehmen. Der Drucker muss auf allen Rechnern drauf sein danach;Quittiert | Completed;
;4786;[Wartung] RZ1 Brandmeldeanlage;Die Inspektion einer Brandmeldeanlage ist vierteljährlich durchzuführen.Dies ist gemäß DIN 14675 und DIN VDE 0833 vorgeschrieben.Bei der vierteljährlichen Inspektion werden die Komponenten der Anlage auf Verschmutzung und Beschädigung überprüft.Zudem wird geprüft, ob bauliche Veränderungen oder Änderungen in der Umgebung die Brandschutzkonzeption beeinträchtigen.Wesentliche Punkte der vierteljährlichen Inspektion:Sichtprüfung:Überprüfung der Komponenten auf Verschmu...;Quittiert | Completed;
;5022;Monitor wird schwarz oder Flackert, keine Funktion mehr möglich;Der Laptop und die angeschlossenen Monitore werden manchmal schwarz oder das Bild flackert. Es ist auch dann keine Funktion mehr möglich. Das einzige was Hilft ist über die Powertaste durch gedrückt halten das Laptop herunterzufahren und neu hochzufahren, danach funktioniert das Laptop bis zum nächsten Absturz wieder ganz normal.Es wurden schon das Bios und der Grafikkartentreiber geupdatet.;Quittiert | Completed;
;5255;Anschließen eines Headsets;Ein Headset an meinem Arbeitsplatz anschließen;Quittiert | Completed;
;5329;Maus defekt;Maus funktioniert nicht mehr sauber- bitte neue Maus;Quittiert | Completed;
;5592;Wartung auch am Wochenende;Welcher Service ist betroffen?WartungenWas könnte genau verbessert werden?Die Wartungstickets werden auch am Wochenende erstellt. Da bin ich aber nicht da. Folglich muss ich oder die anderen unnötigerweise jeden Montag alle Tickets vom Wochenende quittieren.Lässt sich das Wochenende irgendwie einfach außen vor lassen?;Quittiert | Completed;
;5884;Defekt Drucker Warenannahme;Der Drucker geht auf Störung, sobald sich die Papiermenge im Fach immer weiter reduziert. ( Unter 3/4 )Nach dem 3. Mal wird dann die Meldung Papierstau angezeigt.;Quittiert | Completed;
;5898;Microsoft Teams funktioniert nicht;Not Assigned;Quittiert | Completed;
;5991;[Review] RZ1 Sichtprüfung;"Die Prüfung wird in der angehangenen Checkliste ""Checkliste RZ1"" dokumentiert";Quittiert | Completed;
;6060;Keine Anhänge mehr Hochladbar und einsehbar;Ich kann weder Anhänge bei Bestllanforderungen anhängen noch öffnen.;Quittiert | Completed;
;6137;Lokale Festplatte kaputt;Die Festplatte „F” ist defekt. Es steht nicht genügend Speicherplatz für die Rechnungen zur Verfügung.;Quittiert | Completed;
;6191;Ergonomische Maus;Hallo,ich möchte eine ergonomische Maus (vertikal). Danke sehr!;Quittiert | Completed;
;6239;"SAP ""stürzt"" ab, Neuanmeldung erforderlich";Mein SAP verabschiedet sich mit der unten gezeigten Meldung. Dies passiert mehrmals am Tag (sporadisch). Ärgerlich daran ist, das alle Daten in den Transaktionen nicht gespeichert werden und alles dann noch einmal eingegeben werden muss.;Quittiert | Completed;
;6443;[Review] RZ1 Sichtprüfung;"Die Prüfung wird in der angehangenen Checkliste ""Checkliste RZ1"" dokumentiert";Quittiert | Completed;
;6508;Change: Anschreiben optimieren;"Welcher Service ist betroffen?Die E-Mail-Benachrichtigung zu vorliegendem ""Change"".Was könnte genau verbessert werden?Das Anschreiben enthält zu wenige Informationen:- Thema fehlt - auf was bezieht sich der ""Change""- die Anrede ist zu unspezifisch, nur ""Hallo,""";Quittiert | Completed;
;6576;Bildschirm wird nicht erkannt;"Der zweite Bildschirm im Teamleiterbüro vom Band 5 wird nicht erkannt, bereits mit dem anderen Kabel getestet. Ein Bild mit ""kein Signal"" erscheint. Kann bitte jemand vorbeikommen und sich das Problem anschauen?";Quittiert | Completed;
;6618;Anzeige einer Aufgabe im Arbeitsplaner;Bei der Planung einer Aufgabe im Arbeitsplaner wird diese nur am geplanten Enddatum Angezeigt. Ist eine Aufgabe für mehrere Tage geplant sollte sie über die gesamte Zeit im Arbeitsplaner auftauchen, nicht nur am Enddatum.;Quittiert | Completed;
;6868;habe kein Zugangsberechtigung mehr!;Fehlermeldung;Quittiert | Completed;
;6919;Anpassungen in KEFC für Fremddaten-Übernahme nach SAP;Anpassung der Import-Struktur für Upload der monatlichen Logistikplanung nach SAP.;Quittiert | Completed;
;6993;Evtl. defekter USB Stick;Hallo zusammen,mein USB Stick ist in einen Schreibgeschützen zustand gegangen. Ich kann zwar den Stick noch Öffnen und Daten vom stick runter kopieren, aber ich kann weder Daten auf den Stick laden noch etwas vom stick löschen.Habe sogar versucht den Stick zu Formatieren, dies lässt dieser Schreibschutzmodus auch nicht zu.Mein Stick ist etwas spezieller, es ist ein USB Stick mit dem ich auch Daten aus Maschinen laden muss.;Quittiert | Completed;
;7049;Keine Email bei Buchung von Wareneingängen;Ich bekomme keine Benachrichtigung mehr per Email, wenn ein Wareneingang vom Hauptmagazin gebucht wurde.;Quittiert | Completed;
;7054;Igel pc;Igel Pc zu schwach um DWF Dateien zuöffnen;Quittiert | Completed;
;7168;Sehr häufiges Abstürzen vom IGEL-PC;Beim Arbeiten am PC, vor allem wenn ich mit SAP arbeite, stürzt der Rechner sporadisch ab. Ohne Fehlermeldung oder sonstiges. Ab und an kann man sich dann nicht mehr anmelden, da er angeblich keine Netzwerkverbindung hat. Wartet man ein wenig und versucht es erneut funktioniert es auch wieder.Außerdem kommt es auch sehr häufig vor, dass wenn ich mich morgens anmelde meine Maus nicht funktioniert, während TEAMS-Sitzungen entweder plötzlich kein Ton mehr da ist oder auch das Mikro nicht funk...;Quittiert | Completed;
;7181;Stock stuck in transit;Stock is stuck in transit and needs to be moved out for inventory.Need permission to move stock out.;Quittiert | Completed;
;7501;Monitor defekt;Der extern angeschlossene 19 Zoll Monitor scheint defekt. Anschlusskabel wurde getauscht. Kein Bild;Quittiert | Completed;
;7863;FWNA Inventory Prep;Fixing systematic inventory errors;Quittiert | Completed;
;8158;Software;Moin, Nach der umstellung auf Windows 11 fehlt die Software für meinenDymo LabelWriter450 .mfg.;Quittiert | Completed;
;8548;Homeoffice;Not Assigned;Quittiert | Completed;
;8644;MII keine Auswahl TM;Seit dem letzten MII Update wird mir im MII nicht mehr angezeigt.;Quittiert | Completed;
;8740;Teams Gast;Not Assigned;Quittiert | Completed;
;8832;Neues Teams Team;Hallo,wir benötigen zur Arbeit als Arbeitsgruppe einen gemeinsamen Teams Kanal um Dokumente zeitgleich zu bearbeiten.;Quittiert | Completed;
;9145;Ständiger Neustart bei Herunterfahren;Hallo,jedes mal, wenn ich meinen Laptop herunterfahren möchte startet dieser neu.Grüße;Quittiert | Completed;
;9282;Laptop;Mein Laptop fährt über den Button Herunterfahren runter, aber im Anschluss direkt wieder hoch.;Quittiert | Completed;
;9341;Systemnachricht SAP;Not Assigned;Quittiert | Completed;
;9837;PC Wiedereinrichtung;Der PC wird für eine Messmaschine benötigt und war längere Zeit nicht in Betrieb.;Quittiert | Completed;
;9935;Dokumente in Microsoft Teams werden nicht mehr angezeigt;Seit vergangenen Freitag (27.02.2026) werden mir die Dokumente in OneDrive nicht mehr angezeigt. Man sieht ständig den Ladebalken laufen, jedoch passiert weiter nichts.;Quittiert | Completed;
;10219;Problem beim Neustart des Rechners mit externen Laufwerken;Hallo IT-Team,der Rechner fährt nach einem Neustart nicht mehr hoch, wenn externe Laufwerke angeschlossen sind.Könnt ihr bitte den automatischen Neustart deaktivieren?Vielen Dank!;Quittiert | Completed;
;10255;Neuer USB Stick;Stick wird benötigt, um Bilder von Proben und Beanstandungen auszuwerten.Unser Endoskop Kamerasystem kann Bilder nur direkt auf einen USB Stick speichern.;Quittiert | Completed;
;10288;Stick für präsentation;Stick wird für einen Vortrag benötigt zur Übertragung der Präsentation.;Quittiert | Completed;
;10448;Anlage einer neuen Zahlungskondition;Wir benötigen für Inro eine neue Zahlungskondition.Diese muss angelegt und getestet werden.;Quittiert | Completed;
;10545;Dockingstation oder monitor defekt;Beim Verbinden mit der Docking Station startet der Laptop ohne Bild, nach entfernen der Dockingstation ist das Bild da und dich kann mich anmelden. Beim weiteren verbinden mit der Sation bleibt 1 Monitor dunkel.;Quittiert | Completed;
;10778;Rüsten entfernen;"Entfernung
der Rüst- Maske bei der M255050";Quittiert | Completed;
;11013;IGEL PC neu aufziehen;Zum Zentralen Darstellen des Anlagenleitsystems des LC A.6 im Büro der Putzerei 8 und für Schulungs, - und Unterweisungszwecke soll der bestehende IGEL PC reaktiviert werden;Quittiert | Completed;
;11441;Laufwerk R Freigabe;Freigabe für Laufwerk R;Quittiert | Completed;
;11502;Musterinspektion LC3;Not Assigned;Quittiert | Completed;
;11778;Telefon Bandansage;Es soll eine automatische Bandansage laufen, wenn die Leute außerhalb der Sprechzeiten anrufen.;Quittiert | Completed;
;12491;Temporär Stick;Stick benötigt für Präsentation;Quittiert | Completed;
;12591;Fehlendes Terminal;An der Linie 1 fehlt ein Terminal für die HU Meldungen;Quittiert | Completed;
;12763;Stick benötigt;Stick wird für BR Arbeiten benötigt.;Quittiert | Completed;
;12868;Material anlegen/bearbeiten;Hallo,ich bin für die Pfannenwirtschaft im gesamten Standort zuständig.Ich benötige die Freigabe Materialanträge zu stellen um neue Pfannentypen ins System einzupflegen oder zu bearbeiten.LG;Quittiert | Completed;
;13170;Nicht gelöstes Problem;Hi,leider ist die Transaktion MIR4 immer noch nicht möglich, obwohl das damalige Ticket mit der Nummer:12238 lt. System gelöst wurde.hier ein Screenshot vom 24.06.2026;Quittiert | Completed;
;13323;Drucker nicht verfügbar;Ich kann den Drucker nicht hinzufügen. Früher hat alles funktioniert, und bei meinen Kollegen funktioniert der Drucker weiterhin. Bitte um Prüfung.;Quittiert | Completed;
;13874;Rolle in Teams, Outlook etc. falsch;"Hallo, ich bin seit Anfang Juni ausgelernter Industriekaufmann und bin nun in der Personalabteilung eingesetzt. Jedoch wurde meine Rolle nicht in das Office System eingepflegt, sodass meine Rolle immer noch ""Ausbildung"" ist. Ich bitte um Prüfung und Anpassung. Danke :)";Quittiert | Completed;
;13919;[Review] RZ1 Sichtprüfung - gemäß ISA 24.01.08 I Wartung IT-Systeme;"Die untenstehenden Punkte
sind wöchentlich zu prüfen.Ist keine Störung / Abweichen
vorhanden, Prüfung im Wartungsmonitor-Ticket quittierenBei Störung bzw. Abweichung bitte
wie folgt vorgehen:- Ticket erstellen- Ticketnummer im Wartungsmonitor-Ticket vermerken- Wartungsmonitor quittieren- Störung / Abweichung beheben bzw. veranlassenAußenanlag...";Quittiert | Completed;
;14035;festnetz;festnetz nr. gehört nicht zu mir. Bitte eintragung löschen.Neues Festnetz wird beantragt;Quittiert | Completed;
;14290;Schreibberechtigung;Ich benötige Schreibberechtigung für den angegebenen Ordner.Vielen Dank;Quittiert | Completed;
;14385;NEA-Prüfung;Bei der Kontrolle von VAwS-Anlagen sind folgende Punkte zu beachten:Tägliche KontrollenDie VAwS-Anlage ist täglich durch den Betreiber auf Dichtheit zu kontrollieren.Das Prüfergebniss ist Handschriftlich in die Vorort befindliche Liste ( Gelbe Box )einzutragen.Regelmäßige KontrollenMindestens einmal jährlich ist die Auffangwanne auch auf der Unterseite auf Beschädigungen zu überprüfen.​​Beschädigungen des Korrosionsschutzes müssen ausgebessert werden.​​Bei mechanischen Beschädigungen...;Quittiert | Completed;
;14431;Drucker im  Ruhezustand;Drucker lt. Meldung im Ruhezustand;Quittiert | Completed;
;15157;"Meldung ""Gültigkeit Zertifikat""";Systemnachricht bei der Anmeldung an SAP.;Quittiert | Completed;
;15176;SAP - Fehlermeldung;In SAP wurde mir heute morgen nach dem Anmelden folgende Meldung angezeigt. Muss ich hier etwas tun?;Quittiert | Completed;
;15311;Passwort gesperrt;Guten Morgen,ich habe mein Passwort leider zu oft falsch eingegeben. Der User nova.falk01 ist jetzt gesperrt. Bitte einmal zurücksetzen.Vielen Dank!;Quittiert | Completed;
;15343;Drucker druckt nicht;Der Drucker PRN-ASTER-17 wird bei User lio.berg02 angezeigt, nimmt aber keine Druckaufträge an. Neustart wurde bereits gemacht.;Quittiert | Completed;
;15375;SAP Anmeldung nicht möglich;Hallo zusammen,User mira.stein03 kann sich im en System FEP-X nicht mehr anmelden. Es erscheint nur Benutzer gesperrt. Bitte prüfen.;Quittiert | Completed;
;15407;Teams Mikrofon ohne Funktion;Bei Tamo Lichten funktioniert das Mikrofon in Teams nicht mehr. In den Einstellungen ist das Headset HS-NOVA-44 ausgewählt, es kommt aber kein Ton an.;Quittiert | Completed;
;15439;Netzlaufwerk fehlt;Nach dem Neustart ist bei User enya.wald05 das Laufwerk P nicht mehr vorhanden. Die Freigabe auf ws640-file-rz-1 lässt sich auch manuell nicht verbinden.;Quittiert | Completed;
;15466;Monitor bleibt schwarz;Der zweite Monitor am Arbeitsplatz von Jaro Felsen bleibt seit heute schwarz. Kabel und Dockingstation DS-ORBIT-12 wurden bereits neu verbunden.;Quittiert | Completed;
;15498;Berechtigung benötigt;Guten Morgen,ich benötige für User sina.auen07 Leserechte auf dem Projektordner von ws654-file-rz-3. Die Daten werden für die tägliche Auswertung gebraucht.;Quittiert | Completed;
;15530;Outlook verbindet nicht;Outlook zeigt bei User niko.dorn08 dauerhaft Getrennt an. Webmail funktioniert. Bitte Verbindung über ws661-mail-rz-4 prüfen.;Quittiert | Completed;
;15562;Scanner Ablage nicht erreichbar;Der Scanner SCN-LUMEN-28 kann nicht mehr in den Ablageordner von User liva.winter09 speichern. Meldung: Ziel nicht erreichbar.;Quittiert | Completed;
;15594;Software Installation;Bitte Notepad++ für User mats.heide10 auf dem Rechner PC-AURORA-31 installieren. Wird für die Bearbeitung von Logdateien benötigt.;Quittiert | Completed;
;15621;Drucker nur Schwarz Weiß;Hallo,der Drucker PRN-KOMET-52 druckt bei Elin Quell nur noch Schwarz Weiß, obwohl Farbe ausgewählt ist. Bitte Einstellungen prüfen.;Quittiert | Completed;
;15653;VPN Verbindung bricht ab;Die VPN Verbindung von User tilo.erlen12 wird nach ca. 5 Minuten getrennt. Anmeldung über ws689-vpn-rz-4 funktioniert zunächst normal.;Quittiert | Completed;
;15685;Datei kann nicht gespeichert werden;User runa.licht13 kann Dateien auf ws696-share-rz-1 öffnen, aber nicht speichern. Es erscheint Zugriff verweigert.;Quittiert | Completed;
;15717;Passwort vergessen;Hallo zusammen,User pepe.hoch14 hat das Passwort für das Testsystem vergessen. Bitte ein neues Initialpasswort vergeben.;Quittiert | Completed;
;15749;Terminal sehr langsam;Das Terminal TERM-SIRIUS-09 reagiert beim User ylva.farn15 extrem langsam. Maus und Tastatur hängen immer wieder für mehrere Sekunden.;Quittiert | Completed;
;15776;Zertifikat Meldung;Bei der Anmeldung von Lenn Wiesengrund an ws717-app-rz-4 erscheint eine Meldung zur Gültigkeit des Zertifikats. Muss hier etwas gemacht werden?;Quittiert | Completed;
;15808;Druckauftrag hängt;Der Auftrag von User nika.nebel17 hängt auf ws724-print-rz-1 in der Warteschlange und lässt sich nicht löschen. Weitere Ausdrucke sind blockiert.;Quittiert | Completed;
;15840;Anwendung stürzt ab;Die Anwendung PlanDesk-X stürzt bei User jonte.tannen18 direkt nach dem Öffnen einer Auswertung ab. Neustart hat nicht geholfen.;Quittiert | Completed;
;15872;Freigabe Testsystem;Bitte für Ayla Fluss die Anmeldung am en Testsystem FEQ-Z über ws738-auth-rz-3 freischalten. Aktuell fehlt die Berechtigung.;Quittiert | Completed;
;15904;Docking Station wird nicht erkannt;Bei User kian.blau20 wird die Docking Station DS-POLAR-63 seit dem Update nicht mehr erkannt. Monitore und Netzwerk bleiben ohne Funktion.;Quittiert | Completed;
;15931;Drucker Offline;Der Etikettendrucker PRN-VEGA-08 wird bei Tara Rosen als Offline angezeigt. Strom und Netzwerk sind vorhanden.;Quittiert | Completed;
;15963;Ordner verschwunden;Guten Morgen,bei User miko.wind22 fehlt seit heute der gemeinsame Ordner Einkauf auf ws759-file-rz-2. Andere Laufwerke sind vorhanden.;Quittiert | Completed;
;15995;Passwort läuft ab;User elva.eis23 erhält nach jeder Anmeldung die Meldung Passwort läuft heute ab, obwohl es gestern geändert wurde. Bitte Konto prüfen.;Quittiert | Completed;
;16027;Remote Desktop Verbindung;Die Remote Verbindung von Janne Korn zu ws773-rdp-rz-4 wird sofort wieder geschlossen. Andere Server funktionieren.;Quittiert | Completed;
;16059;Excel startet nicht;Excel öffnet bei User nora.himmel25 nur kurz den Startbildschirm und schließt sich dann. Reparatur über Softwarecenter war ohne Erfolg.;Quittiert | Completed;
;16086;Neue User Anlage;Bitte den User tjark.regen26 im System anlegen und die Standardberechtigungen der Gruppe Technik-Test übernehmen.;Quittiert | Completed;
;16118;Scanner zieht Papier schief;Der Scanner SCN-METEOR-35 zieht bei Leni Goldbach die Seiten schief ein und bricht den Vorgang ab. Reinigung wurde bereits durchgeführt.;Quittiert | Completed;
;16150;Zugriff verweigert;User arvid.moor28 hatte bisher Zugriff auf ws801-share-rz-4. Seit heute erscheint bei jedem Ordner Zugriff verweigert.;Quittiert | Completed;
;16182;Teams Kamera funktioniert nicht;Bei Malia Wolken wird die Kamera CAM-NOVA-22 in Teams erkannt, das Bild bleibt aber schwarz. Andere Anwendungen zeigen das gleiche Problem.;Quittiert | Completed;
;16214;Server nicht erreichbar;Seit heute morgen ist ws815-app-rz-2 für User kjell.buch30 nicht erreichbar. Ping ergibt Zeitüberschreitung. Bitte prüfen.;Quittiert | Completed;
;16241;Druckertreiber fehlt;Nach dem PC Austausch fehlt bei User sanna.kran31 der Treiber für PRN-ORION-76. Bitte Drucker erneut einrichten.;Quittiert | Completed;
;16273;Maus reagiert nicht;Die Funkmaus von Lio Seebach reagiert nur noch sporadisch. Batterie und USB Empfänger wurden bereits getauscht.;Quittiert | Completed;
;16305;SAP Berechtigung fehlt;Hallo,User freya.frost33 benötigt im en SAP-System die Berechtigung für Transaktion ZX21. Aktuell kommt eine rote Fehlermeldung.;Quittiert | Completed;
;16337;Datenbankfehler beim Start;Beim Start von ReportLab-X erhält User nilo.lerch34 die Meldung Verbindung zu ws843-db-rz-2 fehlgeschlagen.;Quittiert | Completed;
;16369;Konto abgelaufen;Das Konto von Svea Bernstein ist laut Anmeldemaske abgelaufen. User svea.bern35 kann sich daher nicht mehr anmelden.;Quittiert | Completed;
;16396;Drucker falsches Papierfach;Der Drucker PRN-SOLAR-14 nutzt bei User joris.amsel36 immer das Mehrzweckfach. Die Änderung wird nicht gespeichert.;Quittiert | Completed;
;16428;Headset wird nicht erkannt;Das Headset HS-NEPTUN-41 wird am Arbeitsplatz von Tilda Falken nicht erkannt. USB Ports wurden getestet.;Quittiert | Completed;
;16460;Schreibberechtigung fehlt;Bitte für User enno.stern38 Schreibrechte auf ws871-file-rz-3 einrichten. Dateien können aktuell nur geöffnet werden.;Quittiert | Completed;
;16492;Anmeldung dauert lange;Die Anmeldung von Lotta Wellen an ws878-term-rz-4 dauert seit Montag über fünf Minuten. Danach funktioniert alles normal.;Quittiert | Completed;
;16524;Update Installation fehlgeschlagen;Auf PC-KOSMOS-55 bei User milan.lind40 schlägt das erforderliche Update immer bei 80 Prozent fehl. Neustart wurde durchgeführt.;Quittiert | Completed;
;16551;Bildschirm flackert;Der Monitor MON-ATLAS-26 flackert bei Ronja Bergtal regelmäßig und wird kurz schwarz. Anderes Kabel wurde bereits getestet.;Quittiert | Completed;
;16583;Lizenz inaktiv;Bei User tammo.hain42 wird die Lizenz von ProjectPlan-X als inaktiv angezeigt. Eine erneute Anmeldung hat nicht geholfen.;Quittiert | Completed;
;16615;Freigabe Druckserver;Bitte User lina.morgen43 für den Drucker PRN-COSMO-68 auf ws906-print-rz-3 freischalten. Gerät wird nicht in der Liste angezeigt.;Quittiert | Completed;
;16647;Browser öffnet interne Seite nicht;Die interne Testseite auf ws913-web-rz-4 öffnet bei Marek Eichen nicht. Andere Webseiten funktionieren normal.;Quittiert | Completed;
;16679;Dateiübertragung bricht ab;User tessa.nord45 kann größere Dateien nicht auf ws920-file-rz-1 kopieren. Der Vorgang bricht ungefähr bei der Hälfte ab.;Quittiert | Completed;
;16706;MII Passwort zurücksetzen;Bitte das Passwort für den User jorin.silber46 im System MII-X zurücksetzen. Anmeldung ist gesperrt.;Quittiert | Completed;
;16738;Kein Ton am PC;Bei Nela Waldner kommt kein Ton mehr aus dem Headset HS-LUNA-19. Lautstärke und Ausgabegerät sind korrekt eingestellt.;Quittiert | Completed;
;16770;Drucker doppelt vorhanden;Der Drucker PRN-PULSAR-33 wird bei User bennet.fels48 dreimal angezeigt. Bitte alte Verbindungen entfernen.;Quittiert | Completed;
;16802;Anwendung sehr langsam;Die Anwendung Archive-X auf ws948-app-rz-1 reagiert bei User fina.tal49 sehr langsam. Öffnen einer Datei dauert mehrere Minuten.;Quittiert | Completed;
;16834;Zwei Faktor Anmeldung;User keno.sonn50 erhält bei der Anmeldung immer wieder einen neuen Sicherheitscode. Der eingegebene Code wird nicht akzeptiert. Bitte prüfen.;Quittiert | Completed;
;16901;Office Anmeldung funktioniert nicht;Hallo zusammen,bei User mila.quarz51 wird die Anmeldung in Office immer wieder abgefragt. Nach Eingabe des Passworts öffnet sich das Fenster erneut.;Quittiert | Completed;
;16935;Drucker schneidet Etiketten falsch;Der Etikettendrucker PRN-NEON-71 schneidet bei Joris Talberg die Etiketten mitten im Text ab. Format wurde bereits kontrolliert.;Quittiert | Completed;
;16969;SAP User gesperrt;Guten Morgen,der SAP User noah.feld53 ist gesperrt. Bitte einmal entsperren, Passwort ist bekannt.Danke.;Quittiert | Completed;
;17003;Laptop Akku lädt nicht;Der Laptop NB-ORBIT-24 von Elva Morgen lädt trotz angeschlossenem Netzteil nicht mehr. Andere Steckdose wurde getestet.;Quittiert | Completed;
;17033;Zugriff auf SharePoint fehlt;User theo.auen55 kann die Projektseite nicht mehr öffnen. Es erscheint die Meldung Sie benötigen eine Berechtigung. Bitte prüfen.;Quittiert | Completed;
;17067;Mauszeiger springt;Bei Rina Nordtal springt der Mauszeiger ständig über den Bildschirm. Maus und Unterlage wurden bereits getauscht.;Quittiert | Completed;
;17101;Netzwerkdrucker hinzufügen;Bitte für User levi.sand57 den Drucker PRN-ASTRA-05 über ws1012-print-rz-1 einrichten. Gerät wird in der Suche nicht gefunden.;Quittiert | Completed;
;17135;Outlook Kalender fehlt;Bei Nela Silber wird der gemeinsame Kalender der Arbeitsgruppe nicht mehr angezeigt. E-Mails funktionieren weiterhin normal.;Quittiert | Completed;
;17165;Anwendung keine Rückmeldung;Die Anwendung LogView-X zeigt bei User finn.wiese59 nach dem Start nur Keine Rückmeldung. Neustart ohne Verbesserung.;Quittiert | Completed;
;17199;Headset Mikrofon zu leise;Das Mikrofon vom Headset HS-COMET-32 ist bei Liva Dorn sehr leise. Die Lautstärke steht bereits auf 100 Prozent.;Quittiert | Completed;
;17233;Passwort Änderung fehlgeschlagen;User mika.hain61 kann das abgelaufene Passwort nicht ändern. Nach Bestätigung erscheint eine allgemeine Fehlermeldung.;Quittiert | Completed;
;17267;Monitor Auflösung falsch;Der neue Monitor MON-LUX-48 zeigt bei Tessa Fluss nur eine sehr niedrige Auflösung. Der passende Wert kann nicht ausgewählt werden.;Quittiert | Completed;
;17297;VPN Anmeldung nicht möglich;Hallo,User jonas.licht63 bekommt bei der VPN Anmeldung an ws1054-vpn-rz-3 die Meldung Zugangsdaten ungültig. Im Büro funktioniert die Anmeldung.;Quittiert | Completed;
;17331;Teams Besprechung ohne Ton;Bei Enna Rosen ist in Teams während Besprechungen kein Ton zu hören. Systemtöne und Musik funktionieren.;Quittiert | Completed;
;17365;Excel Datei lässt sich nicht öffnen;Die Datei Auswertung_Test.xlsx lässt sich bei User tom.farn65 nicht öffnen. Excel meldet, dass das Dateiformat ungültig ist.;Quittiert | Completed;
;17399;Scanner erzeugt leere Seiten;Der Scanner SCN-POLAR-16 speichert bei Mira Abend nur leere Seiten. Kopieren am Gerät funktioniert normal.;Quittiert | Completed;
;17429;Berechtigung für Testsystem;Bitte User lars.nebel67 auf dem en Testsystem QAS-Y freischalten. Der Zugang wird für eine Schulung benötigt.;Quittiert | Completed;
;17463;PC fährt nicht herunter;Der Rechner PC-VEGA-82 von Sanna Eiche startet nach dem Herunterfahren direkt wieder neu. Problem tritt jedes Mal auf.;Quittiert | Completed;
;17497;Laufwerk Verbindung langsam;Der Zugriff auf ws1096-file-rz-1 dauert bei User ole.kiesel69 sehr lange. Kleine Dateien benötigen teilweise mehrere Minuten.;Quittiert | Completed;
;17531;Drucker macht Streifen;Der Farbdrucker PRN-LUNA-29 druckt bei Freya Quell auf jeder Seite blaue Streifen. Toner wurde bereits neu eingesetzt.;Quittiert | Completed;
;17561;Browser Zertifikatfehler;Beim Öffnen der internen Testseite auf ws1110-web-rz-3 erhält User juna.stern71 eine Zertifikatswarnung.;Quittiert | Completed;
;17595;Tastatur schreibt doppelt;Die Tastatur von Keno Wald schreibt einzelne Buchstaben doppelt. Andere USB Buchse wurde schon getestet.;Quittiert | Completed;
;17629;SAP Layout verschwunden;Bei User lina.berg73 ist das gespeicherte SAP Layout nicht mehr vorhanden. Bitte prüfen ob es wiederhergestellt werden kann.;Quittiert | Completed;
;17663;Drucker Warteschlange voll;Auf ws1131-print-rz-4 stehen viele alte Druckaufträge, die sich nicht löschen lassen. User arne.wind74 kann deshalb nicht drucken.;Quittiert | Completed;
;17693;OneDrive synchronisiert nicht;Bei Ylva Heide werden neue Dateien nicht mehr synchronisiert. OneDrive zeigt dauerhaft Änderungen werden verarbeitet.;Quittiert | Completed;
;17727;Software startet nach Update nicht;Seit dem letzten Update startet ToolBox-X bei User nilo.mond76 nicht mehr. Neuinstallation hat nicht geholfen.;Quittiert | Completed;
;17761;Benutzerprofil temporär;User svea.gold77 wird nach der Anmeldung nur mit einem temporären Profil geladen. Desktop und Laufwerke fehlen.;Quittiert | Completed;
;17795;Dockingstation Netzwerk fehlt;Über die Dockingstation DS-APOLLO-37 hat Mats Regen kein Netzwerk. Direkt am Laptop funktioniert die Verbindung.;Quittiert | Completed;
;17825;Drucker fordert falsches Format;Der Drucker PRN-TERRA-64 fordert bei User alva.frost79 immer Papierformat Letter, obwohl A4 eingestellt wurde.;Quittiert | Completed;
;17859;Bildschirm dreht sich;Bei Tilo Lerche ist die Anzeige auf dem zweiten Monitor um 90 Grad gedreht. Die Einstellung springt nach Neustart wieder zurück.;Quittiert | Completed;
;17893;Keine E-Mail Benachrichtigung;User ronja.bach81 bekommt keine Benachrichtigung mehr aus dem en System OrderFlow-X. Andere E-Mails kommen an.;Quittiert | Completed;
;17927;RDP Sitzung eingefroren;Die Sitzung von Jaro Stein auf ws1180-rdp-rz-2 friert nach wenigen Minuten ein. Eine neue Verbindung funktioniert zunächst.;Quittiert | Completed;
;17957;USB Gerät wird blockiert;Der USB Kartenleser CARD-NOVA-11 wird bei User enno.au83 nicht erkannt. Im Gerätemanager erscheint das Gerät mit Warnsymbol.;Quittiert | Completed;
;17991;Daten fehlen nach Speicherung;In der Anwendung StockLab-X fehlen bei Fina Wolke nach erneutem Öffnen die zuvor gespeicherten Eingaben.;Quittiert | Completed;
;18025;Telefon klingelt nicht;Das e Telefon TEL-7035 von User ben.falk85 klingelt bei eingehenden Anrufen nicht. Anrufen nach außen ist möglich.;Quittiert | Completed;
;18059;Kalender Freigabe;Bitte den Kalender Projekt Nebula für Leni Tanne freigeben. Aktuell wird beim Hinzufügen eine Berechtigungsfehlermeldung angezeigt.;Quittiert | Completed;
;18089;Rechner extrem langsam;Der PC PC-SOLAR-93 von User tammo.erle87 reagiert seit heute sehr langsam. Auch der Start dauert über zehn Minuten.;Quittiert | Completed;
;18123;Druckertreiber nach Update weg;Nach dem Windows Update fehlt bei Nora See der Drucker PRN-METEOR-42. Bitte Treiber erneut installieren.;Quittiert | Completed;
;18157;Passwort Manager Zugang;Bitte für User lio.birke89 einen Zugang zum en Passwortmanager VaultBox-X anlegen.Vielen Dank.;Quittiert | Completed;
;18191;MII Anzeige leer;Bei Malia Fels bleibt die Übersicht im en MII-Testsystem leer. Abmelden und Browserwechsel haben nicht geholfen.;Quittiert | Completed;
;18221;Webcam wird nicht erkannt;Die Webcam CAM-ORION-18 wird bei User janne.tal91 weder in Teams noch in den Windows Einstellungen angezeigt.;Quittiert | Completed;
;18255;SAP Transaktion fehlt;Hallo zusammen,User rika.sonnen92 benötigt im Testsystem die e Transaktion ZT45. Bitte entsprechend freischalten.;Quittiert | Completed;
;18289;Festplatte fast voll;Auf dem Rechner PC-NORD-27 von Arvid Wiese ist Laufwerk C fast vollständig belegt. Eigene Dateien wurden bereits bereinigt.;Quittiert | Completed;
;18323;Drucker druckt Leerblätter;Der Drucker PRN-COSMOS-58 gibt bei User nela.quarz94 nur leere Seiten aus. Testseite am Gerät ist korrekt.;Quittiert | Completed;
;18353;Anhang kann nicht geöffnet werden;User levi.morgen95 kann Anhänge aus Outlook nicht mehr öffnen. Es erscheint die Meldung Datei konnte nicht erstellt werden.;Quittiert | Completed;
;18387;Netzwerk Verbindung unterbrochen;Am Arbeitsplatz von Tessa Auen fällt die Netzwerkverbindung mehrmals am Tag kurz aus. WLAN ist nicht betroffen.;Quittiert | Completed;
;18421;Initialpasswort benötigt;Bitte für den neuen User jonte.silber97 ein Initialpasswort erstellen und den Account aktivieren.;Quittiert | Completed;
;18455;Terminal Anmeldung hängt;Die Anmeldung am Terminal TERM-QUASAR-46 bleibt bei Mila Nord im Schritt Benutzerprofil wird geladen stehen.;Quittiert | Completed;
;18485;Drucker Scan to Mail;Die Funktion Scan to Mail am Gerät SCN-VEGA-73 funktioniert für User noah.dorn99 nicht mehr. Es erscheint Sendefehler.;Quittiert | Completed;
;18519;Zugang nach Gerätewechsel;Nach dem Laptoptausch kann Elva Hain die Anwendung ServiceDesk-X nicht mehr öffnen. Bitte Zugang auf dem neuen Gerät freischalten.;Quittiert | Completed;
